handle	Day	area	city	topics	types	tools
_aliceontheroad	01	_	_	_	_	_
_aliceontheroad	02	_	_	_	_	_
_anirudhgovind	01	India	Bangalore	transport	_	R
_anirudhgovind	02	_	_	_	_	_
_anirudhgovind	03	_	_	_	_	_
_anirudhgovind	04	_	_	_	_	_
_anirudhgovind	05	_	_	_	_	_
_anirudhgovind	06	_	_	_	_	_
_anirudhgovind	07	_	_	_	_	_
_anirudhgovind	08	_	_	_	_	_
_egbg_	01	_	_	_	_	_
_egbg_	02	_	_	_	_	_
_egbg_	03	_	_	_	_	_
_egbg_	04	_	_	_	_	_
_kyliejane	01	_	_	_	_	R
_kyliejane	02	_	_	_	_	R
_kyliejane	03	_	_	_	_	R
_penguin_runner	01	_	_	_	_	R
_penguin_runner	02	_	_	_	_	R
_penguin_runner	03	_	_	_	_	R
_penguin_runner	04	_	_	_	_	R
_penguin_runner	05	_	_	_	_	R
_penguin_runner	06	_	_	_	_	R
_penguin_runner	07	_	_	_	_	R
_piedelimon_	01	_	_	_	_	_
_unpescador	02	_	_	_	_	_
_unpescador	03	_	_	_	_	_
1cartogRaph	01	Switzerland	_	earthquakes	animation	QGIS,R
1cartogRaph	04	Switzerland	_	_	_	_
1LuisDavid	01	_	_	_	_	R
1LuisDavid	02	_	_	_	_	R
1LuisDavid	03	_	_	_	_	R
1LuisDavid	04	_	_	_	_	R
1LuisDavid	05	_	_	_	_	R
achillida	01	_	_	_	_	R
achillida	02	_	_	_	_	R
achillida	03	_	_	_	_	R
achillida	04	_	_	_	_	R
adaezehs	01	_	_	_	_	_
adaezehs	02	_	_	_	_	_
adaezehs	03	_	_	_	_	_
adtrigg	02	_	_	_	_	_
AFCotroneo	01	_	_	_	_	_
AFCotroneo	02	_	_	_	_	_
AFCotroneo	03	_	_	_	_	_
AFCotroneo	04	Canada	_	animals	_	_
AFCotroneo	05	_	_	_	_	_
AFCotroneo	07	_	_	_	_	_
afrimapr	02	_	_	_	_	_
afrimapr	03	_	_	_	_	_
aina_don	03	_	_	_	_	_
aina_don	05	_	_	_	_	R
aina_don	06	_	_	_	_	R
akadouri	01	_	_	_	_	_
akadouri	02	USA	New York City	urban,transport	_	QGIS,PostgreSQL,Python
akadouri	03	_	_	_	_	_
akadouri	04	_	_	_	_	_
akadouri	05	_	_	_	_	_
akadouri	06	_	_	_	_	_
AlandcoC	03	_	_	_	_	_
AlandcoC	05	_	_	_	_	_
AlbinPCLarsson	01	_	_	_	_	_
AlbinPCLarsson	02	_	_	_	_	_
AlbinPCLarsson	03	_	_	_	_	_
AlbinPCLarsson	04	_	_	_	_	_
Alina_Ristea	03	_	_	_	_	R
allixender	02	_	_	_	_	_
allixender	07	_	_	_	_	_
aloCrts	01	_	_	_	_	_
aloCrts	02	_	_	_	_	_
aloCrts	03	_	_	_	_	_
aloCrts	04	_	_	_	_	R
Amit_Levinson	02	_	_	_	_	R
Amit_Levinson	03	_	_	_	_	R
Amit_Levinson	07	_	_	_	_	R
AnalisisGeo	01	Mexico	_	_	_	_
AnalisisGeo	02	Mexico	_	hurricanes	_	_
AnalisisGeo	03	_	_	_	_	_
AnalisisGeo	04	_	_	_	_	R
Anamhoo	01	_	_	_	_	_
AnatZohar4	01	_	_	_	_	_
AnatZohar4	02	_	_	_	_	_
AnatZohar4	03	_	_	_	_	_
AnatZohar4	04	_	_	_	_	_
AnatZohar4	05	_	_	_	_	_
AnatZohar4	06	_	_	_	_	_
anders_wikstrom	02	_	_	_	_	_
andrewdc_nz	01	New Zealand	_	elevation	_	_
andrewdc_nz	02	_	_	_	_	_
andrewdc_nz	03	_	_	_	_	_
andrewdc_nz	04	_	_	_	_	_
andrewdc_nz	05	_	_	_	_	_
andrewdc_nz	06	New Zealand	Christchurch	_	_	_
AndrewRenninger	02	Australia,Canada,Chile,Czech Republic,Finland,France,Germany,Greece,Ireland,Italy,Luxembourg,Portugal,UK,USA	Adelaide,Antofagasta,Athens,Belfast,Berlin,Bordeaux,Brisbane,Canberra,Detroit,Dublin,Grenoble,Helsinki,Kuopio,Lisbon,Luxembourg,Melbourne,Nantes,Palermo,Paris,Prague,Rennes,Rome,Sydney,Toulouse,Turku,Venice,Winnipeg	transport	animation	_
andrewrfrench	02	_	_	_	_	_
andrewrfrench	03	_	_	_	_	_
andrewrfrench	05	_	_	_	_	_
andrewrfrench	06	_	_	_	_	_
andrewrfrench	07	_	_	_	_	_
andy_rutkowski	01	_	_	_	_	_
andy_rutkowski	02	_	_	_	_	R
andy_rutkowski	03	_	_	_	_	R
andy_rutkowski	04	_	_	_	_	_
andy_rutkowski	05	_	_	_	_	R
anlugonz	01	_	_	_	_	_
anlugonz	02	_	_	_	_	R
anlugonz	03	_	_	_	_	_
anlugonz	04	_	_	_	_	R
anlugonz	05	_	_	_	_	_
anlugonz	07	_	_	_	_	_
annaballasiotes	01	_	_	_	_	_
antoaasa	01	Estonia	Tartu	transport	_	_
antoaasa	02	Estonia	_	_	_	_
antoaasa	03	_	_	_	_	_
antoaasa	04	Estonia	_	_	_	_
antoaasa	05	_	_	_	_	_
antoaasa	06	Estonia	Tartu	COVID-19	_	_
antoaasa	07	_	_	_	_	_
antoniolocandro	01	_	_	_	_	_
antoniolocandro	02	_	_	_	_	_
areacartografia	01	_	_	_	_	_
areacartografia	02	_	_	_	_	_
areacartografia	03	_	_	_	_	_
areacartografia	04	_	_	_	_	_
areacartografia	05	_	_	_	_	_
areacartografia	06	_	_	_	_	_
areacartografia	07	_	_	_	_	_
armiok	01	_	_	_	_	R
armiok	02	_	_	_	_	_
armiok	03	_	_	_	_	_
armiok	04	_	_	_	_	R
Arnold_Platon	01	_	_	_	_	_
Arnold_Platon	02	_	_	_	_	_
Arnold_Platon	03	_	_	_	_	_
Arnold_Platon	04	_	_	_	_	_
arriskeus	01	_	_	_	_	_
arriskeus	02	_	_	_	_	_
arriskeus	03	_	_	_	_	_
arriskeus	04	_	_	_	_	_
arriskeus	05	_	_	_	_	_
arriskeus	06	_	_	_	_	_
arriskeus	07	_	_	_	_	_
Artisans_Cartos	01	_	_	_	_	_
Artisans_Cartos	02	_	_	_	_	_
Artisans_Cartos	03	_	_	_	_	_
Artisans_Cartos	04	_	_	_	_	_
asc_miriam	01	_	_	_	_	_
asc_miriam	02	_	_	_	_	_
asc_miriam	03	_	_	_	_	_
asc_miriam	04	_	_	_	_	_
asc_miriam	05	_	_	_	_	_
asc_miriam	06	_	_	_	_	_
Asgerpetersen	02	_	_	_	_	_
assesslife	01	USA	_	_	_	R
assesslife	02	_	_	_	_	_
assesslife	03	_	_	_	_	_
assesslife	04	_	_	_	_	_
assesslife	05	_	_	_	_	_
assesslife	06	_	_	_	_	_
assesslife	07	_	_	_	_	_
astronomyblog	01	_	_	_	_	_
astronomyblog	02	_	_	_	_	_
astronomyblog	03	UK	Leeds	_	_	_
astronomyblog	04	_	_	_	_	_
astronomyblog	05	_	_	_	_	_
astuntech	02	_	_	_	_	R
atstyan	02	_	_	_	_	_
AurelienChaumet	01	France	_	_	_	R
AurelienChaumet	02	_	_	_	_	R
AurelienChaumet	03	_	_	_	_	R
AurelienChaumet	06	Spain	_	population	density spikes	Aerialod
AurelienChaumet	06	Spain	_	population	density spikes	Aerialod
AurelienChaumet	07	_	_	_	_	_
AurelienChaumet	08	Spain	_	population	density spikes	Aerialod
AurelienChaumet	08	Spain	_	population	density spikes	Aerialod
Austromum	01	_	_	_	_	_
Austromum	02	_	_	_	_	_
Austromum	03	_	_	_	_	_
Austromum	06	_	_	_	_	_
azolnai	01	_	_	_	_	_
azolnai	03	_	_	_	_	_
azolnai	05	_	_	_	_	_
azolnai	07	_	_	_	_	_
azzadv	06	_	_	_	_	_
azzadv	07	_	_	_	_	_
balt_ti	01	Russia	St Petersburg	transport	_	R
balt_ti	02	_	_	_	_	R
balt_ti	03	_	_	_	_	R
balt_ti	04	_	_	_	_	R
balt_ti	05	_	_	_	_	R
balt_ti	06	_	_	_	_	R
balt_ti	07	_	_	_	_	R
BarryRuderman	06	_	_	_	_	_
BarryRuderman	07	_	_	_	_	_
basemap	05	_	_	_	_	_
bcsweb	05	_	_	_	_	_
BellMenna	01	_	_	_	_	R
BellMenna	02	_	_	_	_	R
BellMenna	03	_	_	_	_	R
BellMenna	05	_	_	_	_	R
benfriin	01	_	_	_	_	_
benfriin	02	_	_	_	_	R
benfriin	03	_	_	_	_	R
benfriin	05	_	_	_	_	_
benfriin	06	_	_	_	_	_
benfriin	07	_	_	_	_	_
BertrandHoud	01	_	_	_	_	_
BertrandHoud	02	_	_	_	_	_
BertrandHoud	03	_	_	_	_	_
BertrandHoud	04	_	_	_	_	R
bhupathi_boom	01	_	_	_	_	_
bhupathi_boom	02	_	_	_	_	_
bhupathi_boom	03	_	_	_	_	_
BjnNowak	06	_	_	_	_	_
BlandfordBread	02	World	_	historical	_	QGIS,R
BlandfordBread	03	_	_	_	_	R
BlandfordBread	04	_	_	_	_	R
BlandfordBread	05	_	_	_	_	R
BlandfordBread	06	_	_	_	_	_
BlandfordBread	07	_	_	_	_	R
bobackiel	01	_	_	_	_	_
bobackiel	02	_	_	_	_	_
bobbij_gis	01	_	_	_	_	_
bobbij_gis	02	_	_	_	_	_
bobbij_gis	03	_	_	_	_	_
Bobolica_	01	_	_	_	_	_
bplmaps	01	_	_	_	_	_
bplmaps	02	_	_	_	_	_
BrianSosban	01	_	_	_	_	_
BrianSosban	02	_	_	_	_	_
BrianSosban	03	_	_	_	_	_
BrianSosban	04	_	_	_	_	_
BrianSosban	05	_	_	_	_	_
BrianSosban	06	_	_	_	_	_
bricker	01	Netherlands	_	_	_	ArcGIS
BrittLonneville	01	World	_	_	_	_
BrittLonneville	02	_	_	_	_	_
BrittLonneville	03	_	_	_	_	_
BrittLonneville	05	_	_	_	_	_
Brown_GIS	01	_	_	_	_	_
Brown_GIS	02	_	_	_	_	_
brunmuska	01	_	_	_	_	_
brunmuska	02	India	Chandigarh	transport	_	_
brunmuska	03	_	_	_	_	_
brunmuska	04	_	_	_	_	_
brunmuska	05	_	_	_	_	_
burdGIS	02	_	_	_	_	_
burdGIS	03	_	_	_	_	_
burdGIS	04	_	_	_	_	_
burdGIS	05	_	_	_	_	_
burdGIS	06	_	_	_	_	_
burdGIS	07	_	_	_	_	_
BZgeo	01	_	_	_	_	_
BZgeo	02	_	_	_	_	_
BZgeo	03	_	_	_	_	_
BZgeo	04	_	_	_	_	_
BZgeo	05	_	_	_	_	_
BZgeo	06	_	_	_	_	_
BZgeo	07	_	_	_	_	_
Camerongreen_96	01	_	_	_	_	_
Camerongreen_96	02	_	_	_	_	_
Camerongreen_96	03	_	_	_	_	_
canonicalizedco	01	_	_	_	_	_
canonicalizedco	02	_	_	_	_	_
canonicalizedco	03	_	_	_	_	_
carlbaker	07	_	_	_	_	_
carlosrpz_	01	Mexico	Mexico City	_	_	QGIS,R
carlosrpz_	02	_	_	_	_	_
carlosrpz_	03	_	_	_	_	_
carlosrpz_	04	_	_	_	_	R
carlosrpz_	05	_	_	_	_	_
CarmemMarx	03	_	_	_	_	_
CarmemMarx	04	_	_	_	_	_
CarmemMarx	05	_	_	_	_	_
CaRobson	05	_	_	_	_	_
CaRobson	06	_	_	_	_	_
CaRobson	07	_	_	_	_	_
Carto_ALex	02	_	_	_	_	_
carvalho_c_urb	01	_	_	_	_	_
cas_maps	01	UK	_	_	_	QGIS,R
cas_maps	02	_	_	_	_	_
cas_maps	03	World	_	_	uncommon projections	QGIS,R
cas_maps	04	_	_	_	_	_
cas_maps	05	_	_	_	_	_
cas_maps	06	_	_	_	_	_
cas_maps	07	_	_	_	_	_
CassClouston	02	_	_	_	_	_
CassClouston	03	_	_	_	_	_
ChekosWH	02	_	_	_	_	_
ChekosWH	03	_	_	_	_	R
ChekosWH	04	_	_	_	_	_
ChekosWH	05	_	_	_	_	_
chinmay_deval	02	_	_	_	_	R
ChrisLyons26	03	_	_	_	_	_
ChrisLyons26	06	USA	_	_	_	_
ChrisLyons26	07	_	_	_	_	_
ChrisLyons26	08	_	_	_	_	_
chrisstelz	06	_	_	_	_	_
cj_maps	01	_	_	_	_	_
cj_maps	02	_	_	_	_	_
cj_maps	03	World	_	_	_	QGIS,R
cj_maps	04	_	_	_	_	R
cj_maps	05	_	_	_	_	R
cj_maps	06	_	_	_	_	R
cj_maps	07	_	_	_	_	R
clintyMw	01	_	_	_	_	_
clintyMw	04	_	_	_	_	_
clintyMw	05	_	_	_	_	_
clintyMw	07	_	_	_	_	_
cmhc23	02	_	_	_	_	_
cmhc23	03	Oceania	_	_	_	_
cmjonestodd	02	_	_	_	_	_
cmjonestodd	03	_	_	_	_	_
ConorGleeson12	02	_	_	_	_	R
ConorGleeson12	03	_	_	_	_	_
ConorGleeson12	05	_	_	_	_	_
ConorGleeson12	06	_	_	_	_	_
courtney_geo	01	_	_	_	_	_
courtney_geo	02	_	_	_	_	R
CRVanPollard	01	_	_	_	_	_
CRVanPollard	02	_	_	_	_	_
CRVanPollard	03	_	_	_	_	_
CRVanPollard	04	_	_	_	_	_
CRVanPollard	05	_	_	_	_	_
CRVanPollard	06	_	_	_	_	_
CRVanPollard	07	_	_	_	_	_
Crys_Conway	01	_	_	_	_	_
Crys_Conway	02	_	_	_	_	_
Crys_Conway	03	_	_	_	_	_
Crys_Conway	04	_	_	_	_	_
cstats1	01	_	_	_	_	R
cstats1	02	_	_	_	_	R
cstats1	03	USA	_	administrative boundaries,elevation	3d	R
cstats1	04	USA	_	elevation	_	R
cstats1	05	_	_	_	_	R
cullen_carto	01	_	_	_	_	_
dakvid	06	New Zealand	_	elections	cartogram	R,Leaflet
DanaeKontou	01	_	_	_	_	_
DanaeKontou	02	_	_	_	_	_
DanaeKontou	03	_	_	_	_	R
DanaeKontou	04	Arctic	_	animals	_	_
DanaeKontou	05	_	_	_	_	R
DanaeKontou	07	_	_	_	_	R
dandanduhnnnn	01	UK	London	transport	_	_
dandanduhnnnn	02	_	_	_	_	_
dandanduhnnnn	03	_	_	_	_	_
dandanduhnnnn	04	_	_	_	_	_
darenw	01	_	_	_	_	_
darenw	02	_	_	_	_	_
darenw	03	_	_	_	_	_
darenw	04	_	_	_	_	_
darenw	05	_	_	_	_	_
darenw	06	_	_	_	_	_
darenw	07	_	_	_	_	_
darioingiusto	01	_	_	_	_	_
darioingiusto	02	_	_	_	_	_
darioingiusto	03	_	_	_	_	_
darioingiusto	05	_	_	_	_	_
darwinanddavis	01	_	_	_	_	R
darwinanddavis	02	_	_	_	_	R
darwinanddavis	04	_	_	_	_	R
darwinanddavis	06	_	_	_	_	R
dataisawesomeo	01	_	_	_	_	_
dataisawesomeo	02	_	_	_	_	_
dataisawesomeo	03	_	_	_	_	_
dataisawesomeo	04	_	_	_	_	_
dataisawesomeo	05	_	_	_	_	_
dataisawesomeo	07	_	_	_	_	R
DatavizAdventuR	01	_	_	_	_	_
davidia_antiqua	06	_	_	_	_	_
DavidNg96191301	01	_	_	_	_	_
DavidNg96191301	02	_	_	_	_	_
DavidNg96191301	04	_	_	_	_	_
DavidNg96191301	06	_	_	_	_	_
dbgoody	01	UK	Leeds	_	_	_
dbgoody	02	_	_	_	_	_
dbgoody	03	UK	_	administrative boundaries,names	_	_
dbgoody	04	_	_	_	_	_
dbgoody	05	_	_	_	_	_
dbgoody	06	_	_	_	_	_
deboleenam5	01	_	_	_	_	_
deboleenam5	02	_	_	_	_	_
deboleenam5	04	_	_	_	_	R
deboleenam5	05	_	_	_	_	R
DenitzaV	04	_	_	_	_	R
dgplacenames	01	_	_	_	_	R
dgplacenames	02	_	_	_	_	R
dgplacenames	03	_	_	_	_	R
dgplacenames	04	_	_	_	_	R
dgplacenames	05	_	_	_	_	R
dgplacenames	07	_	_	_	_	R
Di_dyne	01	_	_	_	_	_
Di_dyne	07	_	_	_	_	_
dickoah	01	_	_	_	_	R
dickoah	02	_	_	_	_	_
dickoah	03	_	_	_	_	R
dickoah	05	_	_	_	_	R
dickoah	06	_	_	_	_	R
dickoah	07	_	_	_	_	R
dr_xeo	01	_	_	_	_	R
dr_xeo	02	_	_	_	_	R
dr_xeo	03	_	_	_	_	R
dr_xeo	04	_	_	_	_	R
dr_xeo	05	_	_	_	_	R
DrChrisGeoSci	01	_	_	_	_	_
DrChrisGeoSci	02	_	_	_	_	_
DrChrisGeoSci	03	_	_	_	_	_
DrChrisGeoSci	04	_	_	_	_	_
DrChrisGeoSci	05	World	_	_	_	ArcGIS,Photoshop,Illustrator
DrChrisGeoSci	06	_	_	_	_	_
DrChrisGeoSci	07	_	_	_	_	_
DrGeoffSmith	01	_	_	_	_	_
DrGeoffSmith	02	_	_	_	_	_
DrGeoffSmith	03	_	_	_	_	_
DrGeoffSmith	05	_	_	_	_	_
DrGeoffSmith	06	_	_	_	_	_
DrGeoffSmith	07	_	_	_	_	_
DrNicNacks	01	_	_	_	_	_
DrNicNacks	02	_	_	_	_	_
DrNicNacks	03	_	_	_	_	_
DrNicNacks	04	_	_	_	_	_
DrNicNacks	05	_	_	_	_	_
DrNicNacks	06	_	_	_	_	_
DrNicNacks	07	_	_	_	_	_
dusziv	01	_	_	_	_	R
dusziv	02	_	_	_	_	_
DVDMaps	01	Iceland	_	_	_	_
DVDMaps	02	_	_	_	_	_
DVDMaps	03	_	_	_	_	_
DVDMaps	04	_	_	_	_	_
DVDMaps	05	_	_	_	_	_
DVDMaps	06	_	_	_	_	_
DVDMaps	07	_	_	_	_	_
e2molin	01	_	_	_	_	_
e2molin	02	_	_	_	_	_
e2molin	03	_	_	_	_	_
e2molin	04	_	_	_	_	_
e2molin	05	_	_	_	_	_
e2molin	06	_	_	_	_	_
e2molin	07	_	_	_	_	_
EbingerSamara	03	USA	Manchester NH	_	_	_
Edgards04	01	_	_	_	_	_
Edgards04	02	_	_	_	_	_
Edgards04	03	_	_	_	_	_
Edgards04	07	_	_	_	_	_
ehab_hessy	02	_	_	_	_	_
ehab_hessy	03	_	_	_	_	_
ehab_hessy	05	_	_	_	_	_
ElevationApi	02	_	_	_	_	_
ElevationApi	03	_	_	_	_	_
EllipSIG	01	_	_	_	_	_
elmalovestrees	03	_	_	_	_	_
elmalovestrees	05	_	_	_	_	_
elmalovestrees	07	_	_	_	_	_
emilmalta	02	_	_	_	_	_
emilmalta	03	_	_	_	_	_
emilmalta	05	_	_	_	_	_
emilmalta	07	_	_	_	_	_
EnriquePablito	01	_	_	_	_	_
EnriquePablito	02	_	_	_	_	R
EnriquePablito	03	_	_	_	_	R
EnriquePablito	04	_	_	_	_	R
EnriquePablito	05	_	_	_	_	R
EnriqueRetamoza	01	_	_	_	_	_
EnriqueRetamoza	02	_	_	_	_	_
EnriqueRetamoza	03	_	_	_	_	_
EnriqueRetamoza	04	_	_	_	_	_
EnriqueRetamoza	05	_	_	_	_	_
erin_caughey	01	_	_	_	_	_
erin_caughey	02	_	_	_	_	_
erin_caughey	03	_	_	_	_	_
ErwanRivault	01	_	_	_	_	_
ErwanRivault	02	_	_	_	_	_
ErwanRivault	03	_	_	_	_	_
ErwanRivault	04	_	_	_	_	_
ErwanRivault	05	_	_	_	_	_
ErwanRivault	06	_	_	_	_	_
est987	01	Israel	_	_	_	QGIS
est987	02	_	_	_	_	R
est987	03	_	_	_	_	R
est987	04	_	_	_	_	R
est987	05	_	_	_	_	R
est987	07	_	_	_	_	_
F00o00d	01	Saudi Arabia	_	population	_	_
F00o00d	03	_	_	_	_	_
FastClouds	03	_	_	_	_	R
fbahoken	05	_	_	_	_	_
fede_gaspari	01	_	_	_	_	R
fede_gaspari	02	_	_	_	_	_
fede_gaspari	03	_	_	_	_	R
fede_gaspari	05	_	_	_	_	R
fede_gaspari	06	_	_	_	_	R
fede_gaspari	07	_	_	_	_	R
FedericoTallis	04	_	_	_	_	R
fegranm	02	_	_	_	_	_
FelipeDantasPI	01	_	_	_	_	_
FelipeDantasPI	02	_	_	_	_	_
FelipeDantasPI	03	_	_	_	_	_
footloose_nil	03	_	_	_	_	R
footloose_nil	05	_	_	_	_	R
footloose_nil	06	_	_	_	_	R
footloose_nil	07	_	_	_	_	R
FrancescaPontin	02	_	_	_	_	_
FrancescaPontin	03	_	_	_	_	_
FrancescaPontin	04	_	_	_	_	_
Franck_Akouete	01	_	_	_	_	_
fritzGIS	01	_	_	_	_	R
fritzGIS	02	_	_	_	_	_
fritzGIS	03	_	_	_	_	_
Fuertebrazos	02	_	_	_	_	_
Fuertebrazos	03	_	_	_	_	_
Gaelle_Sutton	01	USA	_	_	_	OpenStreetMap
gartn001	01	_	_	_	_	_
gartn001	02	_	_	_	_	_
gartn001	03	_	_	_	_	_
gartn001	05	_	_	_	_	_
Generally_Geo	01	_	_	_	_	R
Generally_Geo	03	_	_	_	_	R
Generally_Geo	04	_	_	_	_	R
Geo__Don	01	USA	_	_	_	Google Maps
Geo__Nerd__Rish	05	_	_	_	_	_
Geo__Nerd__Rish	07	_	_	_	_	_
geo_alyaqout	01	_	_	_	_	R
geo_alyaqout	02	_	_	_	_	R
geo_alyaqout	03	_	_	_	_	R
geo_alyaqout	05	_	_	_	_	R
geo_alyaqout	06	_	_	_	_	R
geo_alyaqout	07	_	_	_	_	R
geobach_za	01	_	_	_	_	_
geobach_za	03	_	_	_	_	_
geobach_za	05	_	_	_	_	_
geocarta	01	Africa	_	_	_	_
geocarta	03	Africa	_	_	_	choropleth
GeoConor	07	_	_	_	_	_
geodatascience	01	_	_	_	_	R
geodatascience	02	_	_	_	_	_
geodatascience	03	_	_	_	_	_
geodatascience	04	_	_	_	_	_
geodatascience	05	_	_	_	_	_
geodatascience	06	_	_	_	_	_
geodatascience	07	_	_	_	_	R
GeoDave5280	03	_	_	_	_	_
GeoJonna	05	_	_	_	_	_
geokaramanis	01	_	_	_	_	R
geokaramanis	02	_	_	_	_	_
geokaramanis	03	_	_	_	_	_
geokaramanis	05	_	_	_	_	R
geologyjesse	01	_	_	_	_	_
geologyjesse	02	_	_	_	_	_
geologyjesse	03	_	_	_	_	_
geologyjesse	05	_	_	_	_	_
geologyjesse	06	_	_	_	_	_
geologyjesse	07	_	_	_	_	_
geomigr	07	_	_	_	_	_
GeoNerdish	01	_	_	_	_	_
GeoNerdish	02	_	_	_	_	R
GeoNerdish	03	_	_	_	_	_
geoObserver_	05	_	_	_	_	R
geoObserver_	06	_	_	_	_	R
geoscentricos	01	_	_	_	_	R
geoscentricos	02	_	_	_	_	R
geoscentricos	03	_	_	_	_	R
geoscentricos	04	_	_	_	_	R
geoscentricos	05	_	_	_	_	R
geoscentricos	06	_	_	_	_	R
geoscentricos	07	_	_	_	_	R
geospacedman	01	UK	_	names	_	GeoNames
geospacedman	03	USA	_	_	_	R
geospacedman	04	_	_	_	_	_
geospacedman	05	_	_	_	_	_
geospacedman	06	_	_	_	_	_
geospacedman	07	_	_	_	_	_
GeospatialJ	01	_	_	_	_	_
GeospatialJ	02	_	_	_	_	_
GeospatialJ	03	_	_	_	_	_
geotologist	01	New Zealand	_	population	_	QGIS,R
geotologist	02	_	_	_	_	R
geotologist	03	New Zealand	_	_	_	_
geotologist	04	_	_	_	_	_
geotologist	05	_	_	_	_	_
geotologist	06	New Zealand	_	_	_	_
geotologist	07	New Zealand	_	_	_	_
GeotoZee	01	_	_	_	_	_
GeotoZee	02	_	_	_	_	_
GeotoZee	03	_	_	_	_	_
GeotoZee	04	_	_	_	_	_
germp	02	_	_	_	_	_
GIS_Manipulator	07	_	_	_	_	_
gis3700	01	_	_	_	_	_
gis3700	02	_	_	_	_	R
gis3700	03	_	_	_	_	R
gis3700	05	_	_	_	_	R
gis3700	06	_	_	_	_	R
gis3700	07	_	_	_	_	_
gisordie	01	_	_	_	_	_
gisordie	02	_	_	_	_	_
giurugg	01	_	_	_	_	R
giurugg	02	_	_	_	_	R
giurugg	03	_	_	_	_	R
gkankia	01	_	_	_	_	_
GokulAnand_	01	_	_	_	_	_
gontsa	01	_	_	_	_	R
gontsa	02	_	_	_	_	_
gontsa	03	_	_	_	_	R
gontsa	05	_	_	_	_	R
gontsa	07	_	_	_	_	R
gonzalotalavera	01	_	_	_	_	_
gonzalotalavera	02	_	_	_	_	_
GuardedDon	05	_	_	_	_	R
hannahdormido	01	_	_	_	_	R
hannahdormido	02	_	_	_	_	_
hannahker11	07	_	_	_	_	_
hansakwast	01	_	_	_	_	R
hansakwast	02	_	_	_	_	R
hansakwast	03	_	_	_	_	R
hansakwast	04	_	_	_	_	R
hansakwast	05	_	_	_	_	R
HarelDan	01	_	_	_	_	_
HeikkiVesanto	01	_	_	_	_	_
HeikkiVesanto	02	_	_	_	_	_
HeikkiVesanto	03	Ireland	Sligo	urban	_	OpenStreetMap
Helenmckmck	01	_	_	_	_	R
Helenmckmck	02	_	_	_	_	R
Helenmckmck	03	_	_	_	_	_
Helenmckmck	04	_	_	_	_	_
Helenmckmck	05	_	_	_	_	R
Helenmckmck	07	_	_	_	_	_
hendrikxleo	01	_	_	_	_	R
hendrikxleo	02	_	_	_	_	R
hendrikxleo	03	_	_	_	_	R
hendrikxleo	04	_	_	_	_	R
hendrikxleo	05	_	_	_	_	_
hendrikxleo	06	_	_	_	_	R
herrerajuans	01	_	_	_	_	_
herrerajuans	02	_	_	_	_	_
herrerajuans	03	_	_	_	_	_
herrerajuans	04	_	_	_	_	_
Hevski17	01	_	_	_	_	_
Hevski17	02	UK	Glasgow	transport,GPS	_	Google Maps,Strava
Hevski17	03	UK	Glasgow	_	_	QGIS,R
Hevski17	04	_	_	_	_	R
Hevski17	05	_	_	_	_	R
Hevski17	06	_	_	_	_	_
Hey_Billy	03	_	_	_	_	_
hireuter	01	_	_	_	_	_
hireuter	02	Europe	_	_	_	_
hireuter	03	_	_	_	_	_
hireuter	04	_	_	_	_	_
hireuter	05	_	_	_	_	_
hireuter	07	_	_	_	_	_
hurricanevicky	01	USA	Washington DC	elections	_	_
hurricanevicky	02	_	_	_	_	_
iamSimon_A	02	_	_	_	_	_
iamSimon_A	03	_	_	_	_	_
iamSimon_A	04	_	_	_	_	_
iamSimon_A	05	New Zealand	Dunedin	_	_	_
iamSimon_A	06	New Zealand	_	_	joyplot	_
iamwfx	01	_	_	_	_	_
iamwfx	02	_	_	_	_	_
iamwfx	03	_	_	_	_	_
Iawmatthew	01	_	_	_	_	_
Iawmatthew	02	_	_	_	_	_
Iawmatthew	03	_	_	_	_	_
Iawmatthew	04	_	_	_	_	_
Iawmatthew	05	_	_	_	_	_
Iawmatthew	07	_	_	_	_	_
igeolise	03	_	_	_	_	R
IIEGJ	01	_	_	_	_	_
IIEGJ	02	_	_	_	_	_
IIEGJ	03	_	_	_	_	_
IIEGJ	04	_	_	_	_	_
IIEGJ	05	_	_	_	_	_
IIEGJ	06	_	_	_	_	_
IIEGJ	07	_	_	_	_	_
ijturton	01	_	_	_	_	R
ijturton	02	_	_	_	_	R
ijturton	03	USA	_	administrative boundaries,elections	_	GeoServer,GIMP
ijturton	05	_	_	_	_	R
ijturton	06	_	_	_	_	R
ijturton	07	_	_	_	_	R
IKEDA_02	01	_	_	_	_	_
IKEDA_02	02	_	_	_	_	_
IKEDA_02	03	_	_	_	_	_
IKEDA_02	04	_	_	_	_	_
IKEDA_02	05	_	_	_	_	_
IKEDA_02	06	_	_	_	_	_
IKEDA_02	07	_	_	_	_	_
ilyankou	02	_	_	_	_	_
ilyankou	03	_	_	_	_	_
ilyankou	04	_	_	_	_	_
ilyankou	05	_	_	_	_	_
ilyankou	06	_	_	_	_	_
ilyankou	07	_	_	_	_	_
imDebanjan	01	_	_	_	_	_
imDebanjan	02	_	_	_	_	_
imDebanjan	03	_	_	_	_	_
inari_ta	01	Europe	_	_	_	OpenStreetMap,QGIS,R
inari_ta	02	_	_	_	_	R
IneffectiveMath	01	_	_	_	_	_
IneffectiveMath	02	_	_	_	_	_
inguibona	03	_	_	_	_	_
isabelnthomas	03	_	_	_	_	_
ivelasq3	01	_	_	_	_	R
iwengraf	06	_	_	_	_	_
iwengraf	07	_	_	_	_	_
jackffrench	02	_	_	_	_	_
jackffrench	03	_	_	_	_	_
jackffrench	04	Ireland	_	population	_	_
jackffrench	05	_	_	_	_	_
jakub_nowosad	04	_	_	_	_	R
JamesGABrown	01	_	_	_	_	_
JamesGABrown	03	_	_	_	_	_
JamesGABrown	05	_	_	_	_	_
JanPhilippKolb	01	World	_	_	_	R
JanPhilippKolb	02	_	_	_	_	_
JanPhilippKolb	03	_	_	_	_	_
JanPhilippKolb	04	_	_	_	_	_
JanPhilippKolb	05	_	_	_	_	R
JanPhilippKolb	06	_	_	_	_	R
JanPhilippKolb	07	_	_	_	_	R
JanPhilippKolb	08	_	_	_	_	R
JCamilOrt	01	_	_	_	_	_
JCamilOrt	02	_	_	_	_	_
JCamilOrt	04	_	_	_	_	_
jdeltoro1973	01	_	_	_	_	_
jdeltoro1973	02	_	_	_	_	_
jdeltoro1973	03	_	_	_	_	_
jdeltoro1973	04	_	_	_	_	_
jdeltoro1973	05	_	_	_	_	_
jgoodyear9	07	_	_	_	_	_
jh550	01	_	_	_	_	_
jh550	02	_	_	_	_	_
jh550	03	_	_	_	_	_
Jingrong_Zhang	01	_	_	_	_	_
JkariukiDev	02	_	_	_	_	R
JkariukiDev	03	_	_	_	_	_
JkariukiDev	04	_	_	_	_	R
JkariukiDev	05	_	_	_	_	_
JkariukiDev	06	_	_	_	_	_
JLecache	01	_	_	_	_	_
JLecache	02	_	_	_	_	_
JLecache	03	_	_	_	_	_
JLecache	05	_	_	_	_	_
JLecache	06	_	_	_	_	_
JLecache	07	_	_	_	_	_
jmatics	01	_	_	_	_	_
jmatics	02	_	_	_	_	_
jmatics	03	_	_	_	_	_
jmatics	05	_	_	_	_	_
jmatics	06	_	_	_	_	_
jmatics	07	_	_	_	_	_
jmccarty_geo	01	_	_	_	_	_
jmccarty_geo	02	_	_	_	_	_
jmccarty_geo	03	_	_	_	_	_
jmccarty_geo	04	_	_	_	_	_
jmccarty_geo	05	_	_	_	_	_
jmccarty_geo	06	_	_	_	_	_
jmccarty_geo	07	_	_	_	_	_
jmtoralc	02	_	_	_	_	_
jmtoralc	04	_	_	_	_	_
jmtoralc	05	_	_	_	_	_
jmtoralc	06	_	_	_	_	_
joeroe90	05	_	_	_	_	_
JoeWDavies	02	_	_	_	_	_
JoeWDavies	03	_	_	_	_	_
JoeWDavies	04	_	_	_	_	_
JoeWDavies	05	_	_	_	_	_
JoeWDavies	07	_	_	_	_	_
JoFMolano	01	_	_	_	_	_
JoFMolano	02	_	_	_	_	_
JoFMolano	03	_	_	_	_	_
JohannesRahlf	03	_	_	_	_	R
JonasStillhard	03	_	_	_	_	R
JonasStillhard	04	_	_	_	_	R
JonasStillhard	05	_	_	_	_	R
JonasStillhard	06	_	_	_	_	R
jorandradefig	01	_	_	_	_	_
jorandradefig	02	_	_	_	_	_
JoseFMolano	01	_	_	_	_	_
JoseFMolano	02	_	_	_	_	_
JoseFMolano	03	_	_	_	_	_
jpablovallejog	02	_	_	_	_	R
jpablovallejog	03	_	_	_	_	R
jpablovallejog	05	_	_	_	_	R
jpablovallejog	06	_	_	_	_	_
JPeterPeters	02	_	_	_	_	_
JPeterPeters	03	_	_	_	_	_
JPeterPeters	04	_	_	_	_	_
jstnbraaten	01	_	_	_	_	_
jstnbraaten	02	_	_	_	_	_
jstnbraaten	03	_	_	_	_	_
jstnbraaten	05	_	_	_	_	_
jstnbraaten	06	_	_	_	_	_
JuanEstellerR	04	_	_	_	_	_
Juanizio_C	01	Chile	_	_	_	_
Juanizio_C	02	Chile	_	_	_	_
Juanizio_C	03	_	_	_	_	_
Juanizio_C	05	_	_	_	_	_
Juanizio_C	06	_	_	_	_	_
juanluistv_	01	World	_	_	uncommon projections	QGIS,R
juanluistv_	02	_	_	_	_	R
juanluistv_	03	_	_	_	_	R
juanluistv_	04	_	_	_	_	R
juanluistv_	06	_	_	_	_	R
juanluistv_	07	_	_	_	_	R
JulianaMapper	03	USA	_	administrative boundaries,elections	_	_
JulienQuotidien	01	USA	_	_	_	pen and paper
JulienQuotidien	02	_	_	_	_	_
JulienQuotidien	03	_	_	_	_	pen and paper
JulienQuotidien	04	_	_	_	_	_
JulienQuotidien	05	_	_	_	_	_
JulienQuotidien	07	_	_	_	_	_
Jumbostation	01	_	_	_	_	R
Jumbostation	02	_	_	_	_	R
Jumbostation	03	_	_	_	_	R
Jumbostation	04	_	_	_	_	R
Jumbostation	05	_	_	_	_	R
Junevgt	01	France	Paris	transport	_	_
JuvenalCamposF	01	_	_	_	_	_
JuvenalCamposF	02	_	_	_	_	_
k_zoar	01	Japan	Kawagoe	_	_	Leaflet,D3.js
k_zoar	02	_	_	_	_	R
k_zoar	03	_	_	_	_	R
k_zoar	04	_	_	_	_	_
k_zoar	05	_	_	_	_	R
k_zoar	06	_	_	_	_	_
kaisitah	01	_	_	_	_	_
kanedr	01	_	_	_	_	_
kanedr	02	_	_	_	_	_
karopasa	01	_	_	_	_	_
karopasa	02	_	_	_	_	_
karopasa	03	_	_	_	_	_
Kartokobri	02	_	_	_	_	_
Kartokobri	03	_	_	_	_	_
Kartokobri	04	_	_	_	_	_
Kartokobri	05	_	_	_	_	_
Kartokobri	06	_	_	_	_	_
Kartokobri	07	_	_	_	_	_
Kenneth_KHW	02	_	_	_	_	_
Kenneth_KHW	04	_	_	_	_	_
kennethfield	01	_	_	_	_	_
kennethfield	02	_	_	_	_	_
kennethfield	03	_	_	_	_	_
kennethfield	04	_	_	_	_	_
kgjenkins	01	_	_	_	_	_
kgjenkins	02	_	_	_	_	_
kgjenkins	03	_	_	_	_	_
kgjenkins	04	_	_	_	_	_
kgjenkins	05	_	_	_	_	_
kgjenkins	06	_	_	_	_	_
kjsime	01	New Zealand	Auckland	_	_	ArcMap
kjsime	02	_	_	_	_	_
kjsime	03	_	_	_	_	_
kjsime	04	_	_	_	_	_
kjsime	05	_	_	_	_	_
kjsime	06	_	_	_	_	_
kjsime	07	_	_	_	_	_
kkakey_	01	_	_	_	_	_
kkakey_	02	_	_	_	_	_
KoalaGeo	04	_	_	_	_	R
Koen_VdE	02	_	_	_	_	_
Koen_VdE	03	Europe	_	population	_	_
KonturInc	01	Portugal	Lisbon	_	_	Kontur
KonturInc	02	_	_	_	_	_
KonturInc	03	_	_	_	_	_
KonturInc	04	_	_	_	_	_
KonturInc	05	_	_	_	_	_
KonturInc	06	_	_	_	_	_
KonturInc	07	_	_	_	_	_
kriksine	01	_	_	_	_	_
kriksine	07	_	_	_	_	_
ksituan	01	_	_	_	_	_
ksituan	03	_	_	_	_	_
ksituan	04	_	_	_	_	_
ksituan	06	_	_	_	_	_
ksituan	07	_	_	_	_	_
kushtrimvisoka	01	_	_	_	_	_
kylie_donia	01	_	_	_	_	_
kylie_donia	02	_	_	_	_	_
kylie_donia	03	_	_	_	_	_
lacxrx	01	France	_	animals	_	QGIS,R
LandEthics	02	_	_	_	_	_
LandEthics	03	_	_	_	_	_
LandEthics	04	_	_	_	_	_
LandEthics	04	_	_	_	_	_
LandEthics	05	_	_	_	_	_
LandEthics	05	_	_	_	_	_
LandEthics	06	_	_	_	_	_
lecartographe	01	_	_	_	_	_
lecartographe	02	_	_	_	_	_
lecartographe	03	_	_	_	_	_
lecartographe	05	_	_	_	_	_
lecartographe	06	_	_	_	_	_
lecartographe	07	_	_	_	_	_
lemuscanovas	01	_	_	_	_	_
lemuscanovas	02	_	_	_	_	R
Lene_Fischer	01	_	_	_	_	_
Lene_Fischer	02	_	_	_	_	R
Lene_Fischer	03	_	_	_	_	_
Lene_Fischer	04	_	_	_	_	_
Lene_Fischer	05	_	_	_	_	R
Lene_Fischer	06	_	_	_	_	_
Letyludigital	02	_	_	_	_	R
Letyludigital	03	_	_	_	_	R
Letyludigital	05	_	_	_	_	R
lilyhoutman	01	_	_	_	_	_
lioneltodome	01	_	_	_	_	_
lioneltodome	02	_	_	_	_	_
lioneltodome	07	_	_	_	_	_
LizbethBastid11	01	_	_	_	_	_
LizbethBastid11	02	_	_	_	_	_
LizbethBastid11	03	_	_	_	_	_
LouiseSmith_Geo	01	_	_	_	_	_
LuciaNavrro	02	_	_	_	_	_
LuciaNavrro	04	_	_	_	_	_
luigi_peperoni	04	_	_	_	_	_
LuisAguilarCruz	01	Spain	_	population	_	QGIS,R
LuisAguilarCruz	02	_	_	_	_	_
LuisAguilarCruz	03	_	_	_	_	_
LuizGalizia	04	_	_	_	_	R
lxndrkp	01	Germany	Berlin	transport	_	R
lxndrkp	02	_	_	_	_	R
lxndrkp	03	_	_	_	_	R
lxndrkp	06	_	_	_	_	_
m_dizayee	01	_	_	_	_	_
m_dizayee	02	_	_	_	_	R
m_dizayee	03	_	_	_	_	_
MaedhbhLikeDave	03	_	_	_	_	R
MaedhbhLikeDave	04	_	_	_	_	R
MaedhbhLikeDave	05	_	_	_	_	R
MaelleAMM	02	_	_	_	_	_
MaelleAMM	03	_	_	_	_	_
MaelleAMM	05	_	_	_	_	_
MaelleAMM	06	_	_	_	_	_
MaelleAMM	07	_	_	_	_	_
MAHESHK92842090	01	_	_	_	_	_
MAHESHK92842090	02	_	_	_	_	_
MAHESHK92842090	03	_	_	_	_	_
MAHESHK92842090	05	_	_	_	_	_
MAHESHK92842090	06	_	_	_	_	_
MAHESHK92842090	07	_	_	_	_	_
ManAboutCouch	03	_	_	_	_	_
manuelabebe	03	_	_	_	_	R
manuelabebe	04	_	_	_	_	R
manuelabebe	05	_	_	_	_	_
manuelabebe	06	_	_	_	_	R
MapHustle	01	New Zealand	_	_	_	_
MapNav_Tom	05	_	_	_	_	R
MapNav_Tom	06	_	_	_	_	R
MapNav_Tom	07	_	_	_	_	R
mapperfr	04	_	_	_	_	_
mapperfr	06	_	_	_	_	_
mapperfr	07	_	_	_	_	_
MapsByAntonia	01	_	_	_	_	_
MapsByAntonia	02	_	_	_	_	_
MapsByAntonia	03	_	_	_	_	_
MapsByAntonia	04	_	_	_	_	_
MapsByAntonia	05	_	_	_	_	_
MapsByAntonia	07	_	_	_	_	_
MapStorms	01	_	_	_	_	_
MapStorms	02	Netherlands	Amsterdam	_	_	_
MapStorms	03	_	_	_	_	_
MapStorms	04	_	_	_	_	_
MapStorms	05	_	_	_	_	_
MapStorms	06	_	_	_	_	_
MapStorms	07	_	_	_	_	_
marcel__dekker	02	_	_	_	_	_
marcel__dekker	03	_	_	_	_	_
MarcoMinghini	01	Italy	Rome	population	_	QGIS,OpenStreetMap,R
MarcoMinghini	02	_	_	_	_	R
MarcoMinghini	03	_	_	_	_	R
MarcoMinghini	04	_	_	_	_	R
MarcoMinghini	05	_	_	_	_	R
MarcoMinghini	07	_	_	_	_	R
MartinBangratz	01	_	_	_	_	_
MartinBangratz	02	_	_	_	_	R
MartinBangratz	03	_	_	_	_	R
MartinBangratz	04	_	_	_	_	_
MartinBangratz	05	_	_	_	_	R
MartinBangratz	07	_	_	_	_	_
martinfernandoo	02	Argentina	_	transport	_	R,QGIS
martinfernandoo	03	_	_	_	_	_
martinfernandoo	04	_	_	_	_	R
martinfernandoo	05	_	_	_	_	R
martinfernandoo	06	Argentina	Buenos Aires	_	_	_
martinfernandoo	06	Argentina	Buenos Aires	_	_	_
martinfernandoo	07	World	_	_	_	_
martinfernandoo	07	World	_	_	_	_
MattHaul1	01	_	_	_	_	_
MattiJKokkonen	01	France	_	_	_	QGIS,R
MattiJKokkonen	02	_	_	_	_	R
MattiJKokkonen	03	_	_	_	_	R
MattiJKokkonen	05	_	_	_	_	R
MattiJKokkonen	06	_	_	_	_	_
MattiJKokkonen	07	_	_	_	_	R
MdZakariaHasan7	01	Bangladesh	_	_	_	_
meandmaps	01	World	_	_	interactive	_
meandmaps	02	_	_	_	_	_
meandmaps	03	_	_	_	_	_
meandmaps	05	_	_	_	_	_
meandmaps	06	_	_	_	_	_
meandmaps	07	_	_	_	_	_
MiaDP	01	_	_	_	_	_
MichaelDorman84	03	_	_	_	_	_
MichaelDorman84	05	_	_	_	_	_
mickaelmarchese	01	_	_	_	_	_
mickaelmarchese	02	_	_	_	_	_
mickaelmarchese	04	_	_	_	_	_
MikeCoatsDotCom	01	_	_	_	_	_
MikeCoatsDotCom	02	_	_	_	_	_
MikeCoatsDotCom	03	_	_	_	_	_
MikeCoatsDotCom	04	_	_	_	_	_
MikeCoatsDotCom	05	_	_	_	_	_
MikeCoatsDotCom	06	_	_	_	_	_
MikeCoatsDotCom	07	_	_	_	_	_
mikejschmidty	02	_	_	_	_	R
mikejschmidty	07	_	_	_	_	R
MikeMahoney218	02	_	_	_	_	R
MikeMahoney218	03	_	_	_	_	R
mikusthetiger	05	_	_	_	_	R
mildthing99	03	_	_	_	_	_
MindOverMagma	01	_	_	_	_	_
MindOverMagma	03	USA	_	volcanoes	animation	ArcMap
MindOverMagma	06	_	_	_	_	_
MindOverMagma	07	_	_	_	_	_
MiniTigri	01	_	_	_	_	R
MiniTigri	02	_	_	_	_	R
MiniTigri	03	_	_	_	_	R
MiniTigri	04	_	_	_	_	R
MiniTigri	05	_	_	_	_	R
MiniTigri	06	_	_	_	_	_
MiniTigri	07	_	_	_	_	R
mirzacengic	01	_	_	_	_	R
mirzacengic	02	_	_	_	_	R
mizuta_kenji	03	_	_	_	_	_
mjezwysoko	01	_	_	_	_	R
mjezwysoko	03	_	_	_	_	R
mjezwysoko	04	_	_	_	_	R
mjlegg	04	_	_	_	_	_
mjlegg	05	_	_	_	_	_
mjlegg	07	_	_	_	_	_
Mjstoroz	02	_	_	_	_	_
Mjstoroz	03	_	_	_	_	_
Mjstoroz	04	_	_	_	_	_
mmdolbow	01	_	_	_	_	_
mmdolbow	02	_	_	_	_	_
mmdolbow	03	_	_	_	_	_
mmdolbow	05	_	_	_	_	_
mmits003	01	World	_	earthquakes	animation	_
mmits003	04	_	_	_	_	_
mmits003	05	Japan	_	names	_	_
moaimx	01	_	_	_	_	_
moaimx	02	_	_	_	_	_
moaimx	03	_	_	_	_	_
moaimx	04	_	_	_	_	_
moaimx	05	_	_	_	_	_
Monk_Po	01	_	_	_	_	R
mr_ericgoodwin	01	_	_	_	_	_
mr_ericgoodwin	03	_	_	_	_	_
mr_ericgoodwin	04	Oceania	_	earthquakes	_	OpenStreetMap
mr_ericgoodwin	05	_	_	_	_	_
MrNSheehan	01	_	_	_	_	_
MrNSheehan	02	_	_	_	_	_
MRuehringer	01	World	_	_	_	QGIS,Illustrator,R
MRuehringer	04	_	_	_	_	R
Ms_Pixels	01	_	_	_	_	_
Ms_Pixels	02	_	_	_	_	_
Ms_Pixels	03	_	_	_	_	_
Ms_Pixels	04	_	_	_	_	_
my_physical	01	_	_	_	_	R
my_physical	02	_	_	_	_	R
my_physical	03	_	_	_	_	R
my_physical	04	_	_	_	_	R
my_physical	05	_	_	_	_	R
my_physical	06	_	_	_	_	R
my_physical	07	_	_	_	_	R
napo	01	_	_	_	_	_
napo	02	_	_	_	_	_
Natpatat11	03	_	_	_	_	_
Neil_py_harris	02	UK	_	elevation	joyplot	_
Neil_py_harris	03	_	_	_	Lego	_
neilcfd1	03	_	_	_	_	_
neilcharles_uk	01	_	_	_	_	_
neilcharles_uk	02	_	_	_	_	R
neilcharles_uk	03	_	_	_	_	_
neilcharles_uk	04	_	_	_	_	_
neilcharles_uk	05	_	_	_	_	_
neilcharles_uk	06	_	_	_	_	_
neilcharles_uk	07	_	_	_	_	_
nelio_matos	01	UK	_	population	interactive	QGIS,Mapbox
nelio_matos	03	_	_	_	_	R
neocartocnrs	01	_	_	_	_	_
neocartocnrs	02	_	_	_	_	_
neocartocnrs	03	_	_	_	_	_
neocartocnrs	04	_	_	_	_	_
neocartocnrs	05	_	_	_	_	_
neocartocnrs	06	_	_	_	_	_
neocartocnrs	07	_	_	_	_	_
neogeografen	03	_	_	_	_	R
neogeografen	05	_	_	_	_	_
NguynQu59656951	01	_	_	_	_	_
NguynQu59656951	02	_	_	_	_	_
NguynQu59656951	03	_	_	_	_	_
NguynQu59656951	04	_	_	_	_	R
NguynQu59656951	05	_	_	_	_	R
NguynQu59656951	06	_	_	_	_	_
NigraArbaro	01	_	_	_	_	_
NigraArbaro	02	_	_	_	_	R
NigraArbaro	03	Germany	_	_	_	QGIS,R
niu_haifeng	06	_	_	_	_	_
nodirections	03	_	_	_	_	_
NoelBallantyne	02	_	_	_	_	_
NoelBallantyne	03	_	_	_	_	_
NoelBallantyne	05	_	_	_	_	_
northlandiguana	01	_	_	_	_	_
northlandiguana	02	_	_	_	_	_
northlandiguana	03	_	_	_	_	_
notforcasual	01	_	_	_	_	_
nurussadad	01	_	_	_	_	_
nurussadad	02	_	_	_	_	_
nurussadad	03	_	_	_	_	_
nurussadad	04	_	_	_	_	_
nwbort	01	Australia	_	_	interactive	R,Leaflet
nwbort	02	_	_	_	_	_
nwbort	03	_	_	_	_	_
nwbort	04	_	_	_	_	_
nwbort	05	_	_	_	_	_
nwbort	06	New Zealand	Auckland	_	_	_
nwbort	07	New Zealand	_	elections	_	_
nwbort	08	New Zealand	_	elections	cartogram	_
odile_p	02	_	_	_	_	_
odile_p	03	_	_	_	_	_
odile_p	05	_	_	_	_	_
odile_p	06	_	_	_	_	_
odile_p	07	_	_	_	_	_
odilon72	01	_	_	_	_	_
odilon72	05	_	_	_	_	_
odilon72	07	_	_	_	_	_
oguzhan_err	01	_	_	_	_	_
OrdnanceSurvey	01	UK	_	_	_	_
p_kil89	01	_	_	_	_	_
p_kil89	02	_	_	_	_	_
PascalSchetelat	07	_	_	_	_	_
Peter_McKeague	01	_	_	_	_	_
Peterincan	01	_	_	_	_	_
pheebely	01	Malaysia	_	population	_	QGIS
pheebely	02	Singapore	_	transport	_	QGIS
pheebely	03	Lebanon	Beirut	_	_	QGIS
pheebely	04	USA	_	_	_	QGIS
pheebely	05	USA	_	elections	choropleth	QGIS
pheebely	06	_	_	_	_	_
Phil_M_Barrett	02	_	_	_	_	_
philbartie	02	_	_	_	_	_
philbartie	03	_	_	_	_	_
philbartie	04	_	_	_	_	_
philbartie	05	_	_	_	_	_
philbartie	07	_	_	_	_	_
PhilPierdo	02	_	_	_	_	R
PhilPierdo	03	_	_	_	_	_
PieterCappon	01	_	_	_	_	_
PieterCappon	02	_	_	_	_	_
PieterCappon	03	_	_	_	_	_
PieterCappon	04	_	_	_	_	_
PieterCappon	05	_	_	_	_	_
pinakographos	04	_	_	_	_	_
pnwgeogeek	01	_	_	_	_	_
pokateo_	01	_	_	_	_	_
pokateo_	02	_	_	_	_	_
pokateo_	03	_	_	_	_	_
pokateo_	04	_	_	_	_	_
pokateo_	05	_	_	_	_	_
pokateo_	06	_	_	_	_	_
pokateo_	07	_	_	_	_	_
PolarBoe	01	_	_	_	_	R
PolarBoe	02	_	_	_	_	R
PolarBoe	03	_	_	_	_	R
popelnuhh	02	_	_	_	_	_
popelnuhh	03	_	_	_	_	_
popelnuhh	05	_	_	_	_	_
popelnuhh	06	_	_	_	_	_
popelnuhh	07	_	_	_	_	_
positium	02	_	_	_	_	_
positium	03	_	_	_	_	_
positium	04	_	_	_	_	_
positium	05	_	_	_	_	_
Pow__C	01	_	_	_	_	_
Pow__C	02	_	_	_	_	_
Pow__C	03	_	_	_	_	_
Pow__C	04	_	_	_	_	R
Pow__C	05	_	_	_	_	_
Pow__C	07	_	_	_	_	_
Pragabhava	06	_	_	_	_	_
PratapVardhan	01	_	_	_	_	_
PratapVardhan	02	_	_	_	_	_
PratapVardhan	03	_	_	_	_	_
PratapVardhan	04	_	_	_	_	_
PratapVardhan	05	_	_	_	_	_
professorkao	01	_	_	_	_	_
professorkao	02	_	_	_	_	_
professorkao	03	_	_	_	_	R
professorkao	05	_	_	_	_	_
professorkao	06	_	_	_	_	_
professorkao	07	_	_	_	_	R
quorumetrix	02	Canada	Montreal	transport	animation	Blender
raul_casbar	04	_	_	_	_	_
raveydave76	01	_	_	_	_	_
recifs	01	_	_	_	_	_
resource_watch	02	_	_	_	_	_
resource_watch	03	_	_	_	_	_
resource_watch	04	_	_	_	_	_
resource_watch	05	_	_	_	_	_
resource_watch	06	_	_	_	_	_
resource_watch	07	_	_	_	_	_
ReynardSubtil	01	_	_	_	_	_
ReynardSubtil	02	_	_	_	_	_
ReynardSubtil	03	_	_	_	_	_
ReynardSubtil	04	_	_	_	_	_
ReynardSubtil	05	_	_	_	_	_
RFinerman	01	_	_	_	_	R
RFinerman	02	_	_	_	_	_
RFinerman	03	_	_	_	_	_
RFinerman	04	_	_	_	_	R
richa_marwaha	01	_	_	_	_	_
richa_marwaha	02	_	_	_	_	_
richard_vogg	01	_	_	_	_	_
richard_vogg	02	_	_	_	_	_
richard_vogg	03	_	_	_	_	_
richard_vogg	04	Chile	Santiago	elections	_	R
richard_vogg	05	_	_	_	_	_
richard_vogg	06	_	_	_	_	_
richard_vogg	07	_	_	_	_	_
RichardZimerman	01	_	_	_	_	_
RichardZimerman	02	_	_	_	_	_
RichardZimerman	03	_	_	_	_	_
RichardZimerman	04	_	_	_	_	_
RichardZimerman	05	_	_	_	_	_
RLShelmerdine	01	UK	_	_	_	_
RLShelmerdine	02	_	_	_	_	_
RLShelmerdine	03	_	_	_	_	_
RLShelmerdine	04	_	_	_	_	_
RLShelmerdine	05	_	_	_	_	_
RLShelmerdine	06	_	_	_	_	_
RLShelmerdine	07	_	_	_	_	_
RobertPazur	02	_	_	_	_	_
robradburn	01	_	_	_	_	_
robradburn	02	_	_	_	_	_
robradburn	03	_	_	_	_	_
robradburn	04	_	_	_	_	R
robradburn	05	Africa,Mali,Central African Republic,Sudan,South Sudan,Congo	_	_	_	_
robradburn	06	_	_	_	_	_
robradburn	07	_	_	_	_	_
rocopley1	01	_	_	_	_	_
rocopley1	02	_	_	_	_	_
rocopley1	03	_	_	_	_	_
rocopley1	04	_	_	_	_	_
rocopley1	05	_	_	_	_	_
rod_ferrao	01	_	_	_	_	_
rod_ferrao	02	_	_	_	_	R
rod_ferrao	03	_	_	_	_	R
ron_halliday	03	_	_	_	_	_
ron_halliday	05	_	_	_	_	_
ron_halliday	06	_	_	_	_	_
ron_halliday	07	_	_	_	_	_
rorich	01	_	_	_	_	_
rorich	02	_	_	_	_	R
rorich	03	_	_	_	_	R
rorich	04	_	_	_	_	R
rorich	05	_	_	_	_	R
rorich	06	_	_	_	_	_
rossp165	01	_	_	_	_	_
rossp165	02	_	_	_	_	_
rossp165	03	_	_	_	_	_
rsfrankl	03	_	_	_	_	_
saabrs	02	_	_	_	_	_
Sahilkidd	02	_	_	_	_	_
Saint_GIS	01	_	_	_	_	_
Saint_GIS	02	_	_	_	_	_
Saint_GIS	03	_	_	_	_	_
Saint_GIS	05	_	_	_	_	_
Saint_GIS	06	_	_	_	_	_
Saint_GIS	07	_	_	_	_	_
sajbelcart	02	_	_	_	_	_
samwise_v	01	_	_	_	_	_
samwise_v	02	_	_	_	_	_
samwise_v	03	_	_	_	_	_
samwise_v	04	_	_	_	_	_
samwise_v	05	_	_	_	_	_
samwise_v	06	_	_	_	_	_
samwise_v	07	_	_	_	_	_
san_andreas_	01	_	_	_	_	_
san_andreas_	02	_	_	_	_	_
san_andreas_	03	_	_	_	_	R
san_andreas_	04	_	_	_	_	_
SannaJokela1	01	Finland	Turku	_	_	QGIS,Inkscape,R
SannaJokela1	02	_	_	_	_	R
SannaJokela1	03	_	_	_	_	R
SannaJokela1	04	Finland	Turku	_	_	QGIS,R
SannaJokela1	05	_	_	_	_	R
SannaJokela1	06	_	_	_	_	R
SannaJokela1	07	_	_	_	_	R
santihpuig	01	Greenland	_	_	_	_
santihpuig	02	Greenland	_	_	_	_
santihpuig	03	_	_	_	_	_
santihpuig	04	_	_	_	_	_
santihpuig	05	_	_	_	_	_
santihpuig	06	_	_	_	_	_
santihpuig	07	_	_	_	_	_
SaraChaoukis	01	France	_	_	_	_
sarah_wilson7	01	_	_	_	_	_
sarah_wilson7	02	_	_	_	_	_
sarah_wilson7	03	Ireland	_	_	_	_
sarah_wilson7	04	_	_	_	_	_
sarah_wilson7	05	_	_	_	_	_
sarah_wilson7	06	_	_	_	_	_
sarah_wilson7	07	_	_	_	_	_
sarhoyoshoyos	01	_	_	_	_	_
sarhoyoshoyos	03	_	_	_	_	R
SavoirsEnBulles	02	_	_	_	_	_
SavoirsEnBulles	03	_	_	_	_	_
SavoirsEnBulles	04	_	_	_	_	_
SavoirsEnBulles	05	_	_	_	_	_
SavoirsEnBulles	06	_	_	_	_	_
SavoirsEnBulles	07	_	_	_	_	_
sciremotesense	02	_	_	_	_	_
sciremotesense	03	UK	Southampton	urban,transport	_	_
sciremotesense	04	_	_	_	_	R
sciremotesense	05	_	_	_	_	_
sciremotesense	07	_	_	_	_	_
SDGeoGirl	02	USA	_	_	_	_
seateazen	01	Philippines	_	_	_	_
seateazen	02	_	_	_	_	_
seateazen	03	_	_	_	_	_
seateazen	04	_	_	_	_	_
seateazen	05	_	_	_	_	_
seateazen	06	_	_	_	_	_
seateazen	07	_	_	_	_	R
seb_meier	01	_	_	_	_	R
seb_meier	02	_	_	_	_	_
seb_meier	03	_	_	_	_	_
seb_meier	04	_	_	_	_	R
seb_meier	05	_	_	_	_	_
seb_meier	06	_	_	_	_	_
seb_meier	07	_	_	_	_	_
sezia	07	_	_	_	_	_
Sharkteeth11	01	_	_	_	_	_
Sharkteeth11	02	_	_	_	_	_
Sharkteeth11	03	_	_	_	_	_
Sharkteeth11	04	_	_	_	_	_
Sharkteeth11	05	_	_	_	_	_
Sharkteeth11	06	_	_	_	_	_
Sharkteeth11	07	_	_	_	_	_
sid_bryper	01	_	_	_	_	_
sigogne_bfc	04	_	_	_	_	_
sim_bai	04	_	_	_	_	_
sim_bai	05	_	_	_	_	_
SimonBeaumont04	01	_	_	_	_	_
SimonBeaumont04	02	_	_	_	_	_
simonmleech	01	UK	_	_	_	QGIS,R
simonmleech	02	_	_	_	_	R
simonmleech	03	_	_	_	_	R
simonmleech	04	_	_	_	_	R
simonmleech	05	_	_	_	_	R
simonmleech	06	_	_	_	_	R
simonmleech	07	_	_	_	_	R
SirJanosFroglez	05	_	_	_	_	_
SirJanosFroglez	07	_	_	_	_	_
SouthArrowMaps	01	New Zealand	Christchurch	_	_	ArcGIS,Photoshop
SouthArrowMaps	02	New Zealand	Christchurch	transport	animation	Blender
SouthArrowMaps	03	_	_	_	_	_
SouthArrowMaps	07	New Zealand	Christchurch	_	_	_
spardosanchez	01	_	_	_	_	_
spardosanchez	02	_	_	_	_	_
spardosanchez	03	_	_	_	_	_
spatialoccasio1	01	_	_	_	_	_
spatialoccasio1	02	_	_	_	_	_
sporella	01	_	_	_	_	R
sporella	02	_	_	_	_	R
sporella	03	_	_	_	_	R
sporella	04	_	_	_	_	R
sporella	05	_	_	_	_	R
sporella	07	_	_	_	_	R
stevefaeembra	01	_	_	_	_	R
stevefaeembra	02	_	_	_	_	R
stevefaeembra	03	_	_	_	_	R
stevefaeembra	04	_	_	_	_	R
stevefaeembra	05	_	_	_	_	R
stevefaeembra	06	_	_	_	_	R
steven4320555	01	_	_	_	_	_
steven4320555	02	_	_	_	_	_
steven4320555	03	_	_	_	_	_
StrathSlater	01	UK	London	crime	animation	ArcGIS
StrathSlater	02	_	_	_	_	_
StrathSlater	03	_	_	_	_	_
StrathSlater	04	_	_	_	_	R
StrathSlater	05	_	_	_	_	_
StrathSlater	06	_	_	_	_	_
StrathSlater	07	_	_	_	_	_
sugoiboi40	02	_	_	_	_	_
sugoiboi40	03	_	_	_	_	_
Super_Explorer	02	_	_	_	_	R
Super_Explorer	04	_	_	_	_	R
Super_Explorer	05	_	_	_	_	R
Super_Explorer	06	_	_	_	_	R
systemagie	01	_	_	_	_	_
systemagie	02	_	_	_	_	R
systemagie	03	_	_	_	_	R
systemagie	04	_	_	_	_	_
systemagie	05	_	_	_	_	_
Tabularthur	01	_	_	_	_	_
Tabularthur	02	_	_	_	_	_
Tabularthur	03	_	_	_	_	_
Tabularthur	04	_	_	_	_	_
Tabularthur	05	_	_	_	_	_
Tabularthur	06	_	_	_	_	_
Tabularthur	07	_	_	_	_	_
TectonixGEO	03	_	_	_	_	_
TeemuSaloriutta	01	_	_	_	_	_
TeemuSaloriutta	02	_	_	_	_	R
TeemuSaloriutta	03	_	_	_	_	_
TeemuSaloriutta	07	_	_	_	_	_
terisha_pillay1	01	_	_	_	_	_
terisha_pillay1	02	_	_	_	_	_
terisha_pillay1	03	_	_	_	_	R
terisha_pillay1	04	_	_	_	_	_
terisha_pillay1	05	_	_	_	_	_
Terranigmus	05	_	_	_	_	_
TevaMeyer	02	_	_	_	_	_
TevaMeyer	03	_	_	_	_	_
tgsousa_	01	_	_	_	_	_
tgsousa_	02	_	_	_	_	_
tgsousa_	03	_	_	_	_	_
tgsousa_	04	_	_	_	_	_
tgsousa_	05	_	_	_	_	_
tgsousa_	06	_	_	_	_	_
tgsousa_	07	_	_	_	_	_
TheGISGirl	05	_	_	_	_	_
thekuhugupta	01	_	_	_	_	_
thekuhugupta	02	_	_	_	_	_
thekuhugupta	03	_	_	_	_	_
TheRealJimShady	01	_	_	_	_	_
TheRealJimShady	02	_	_	_	_	_
Thoughtfulnz	05	_	_	_	_	_
Thoughtfulnz	06	New Zealand	_	elections	_	_
Thoughtfulnz	07	New Zealand	_	elections	_	_
timbertopper400	01	_	_	_	_	_
timbertopper400	02	_	_	_	_	_
timbertopper400	04	_	_	_	_	_
timbertopper400	07	_	_	_	_	_
TimRodaway	01	_	_	_	_	_
TimRodaway	02	_	_	_	_	_
TimRodaway	03	_	_	_	_	_
TimRodaway	04	_	_	_	_	_
TimRodaway	05	_	_	_	_	_
TimRodaway	07	_	_	_	_	_
tjukanov	01	Finland	Helsinki	urban	_	QGIS,Kepler.gl,R
tjukanov	02	_	_	_	_	_
tjukanov	03	_	_	_	_	R
tjukanov	04	_	_	_	_	_
tjukanov	05	_	_	_	_	_
tjukanov	06	_	_	_	_	_
tjukanov	07	_	_	_	_	_
tkardi	01	_	_	_	_	R
tkardi	02	_	_	_	_	R
tkardi	03	_	_	_	_	R
tkardi	04	_	_	_	_	R
tkardi	05	_	_	_	_	_
tobi_aiyelokun	01	Nigeria	_	_	_	R
tobi_aiyelokun	02	_	_	_	_	_
tobi_aiyelokun	03	_	_	_	_	_
ToddMostak	02	_	_	_	_	_
ToddMostak	03	_	_	_	_	_
ToddMostak	07	_	_	_	_	_
tom5ive	01	_	_	_	_	_
tomasral	01	_	_	_	_	_
tomasral	02	_	_	_	_	_
tomasral	03	_	_	_	_	_
tomasral	04	_	_	_	_	_
tomasral	05	_	_	_	_	_
tomasral	06	_	_	_	_	_
tomasral	07	_	_	_	_	_
tomodraco	01	Europe	_	sport	_	D3.js,Acorn
tomodraco	02	_	_	_	_	R
tomodraco	03	_	_	_	_	_
tomodraco	05	_	_	_	_	_
tomodraco	06	_	_	_	_	_
tomodraco	07	_	_	_	_	_
TomTheMap	01	_	_	_	_	_
TomTheMap	02	_	_	_	_	_
TomTheMap	03	_	_	_	_	_
TomTheMap	05	_	_	_	_	_
TomTheMap	06	_	_	_	_	_
TomTheMap	07	_	_	_	_	_
tonuoja	05	_	_	_	_	_
topographos2	01	_	_	_	_	_
topographos2	02	Syria	_	archaeology	_	R
topographos2	03	_	_	_	_	R
torehalset	06	Norway	_	_	_	_
tqwhitetech	02	_	_	_	_	_
Troctolite10	01	India	_	earthquakes	_	QGIS,R
Troctolite10	02	_	_	_	_	R
Troctolite10	03	_	_	_	_	R
Troctolite10	05	_	_	_	_	_
ultra_beba	01	_	_	_	_	_
ultra_beba	02	_	_	_	_	_
ultra_beba	03	_	_	_	_	R
ultra_beba	04	_	_	_	_	R
undertheraedar	01	_	_	_	_	_
undertheraedar	03	USA	_	_	animation	_
undertheraedar	05	_	_	_	_	_
UT_moblab	02	_	_	_	_	_
UT_moblab	03	_	_	_	_	_
UT_moblab	04	_	_	_	_	_
UT_moblab	05	_	_	_	_	_
UT_moblab	06	_	_	_	_	_
UT_moblab	07	_	_	_	_	_
uvfns	01	_	_	_	_	_
uvfns	02	_	_	_	_	_
uvfns	03	_	_	_	_	_
uvfns	05	_	_	_	_	_
Valtzen	05	_	_	_	_	R
varaktor	01	_	_	_	_	_
varaktor	02	_	_	_	_	_
varaktor	04	World	_	_	_	R
varaktor	05	_	_	_	_	_
varaktor	07	_	_	_	_	_
viajeruss	01	Peru	Lima	_	_	OpenStreetMap
VictimOfMaths	01	_	_	_	_	R
VictimOfMaths	02	_	_	_	_	R
VictimOfMaths	03	_	_	_	_	_
VictimOfMaths	04	_	_	_	_	_
VictimOfMaths	04	_	_	_	_	_
VictimOfMaths	05	_	_	_	_	_
VictimOfMaths	05	_	_	_	_	_
VictimOfMaths	06	_	_	_	_	_
VictimOfMaths	07	_	_	_	_	R
victor_medel9	01	_	_	_	_	_
victor_medel9	03	_	_	_	_	_
victor_medel9	05	_	_	_	_	_
vivekparasharr	01	_	_	_	_	_
vivekparasharr	02	_	_	_	_	_
vivekparasharr	03	_	_	_	_	_
vivekparasharr	04	_	_	_	_	_
vivekparasharr	05	_	_	_	_	_
vivekparasharr	06	_	_	_	_	_
vivekparasharr	07	_	_	_	_	_
vizowl	01	New Zealand	_	elections	point	_
vizualdatos	02	_	_	_	_	_
vlckel	01	World	_	energy	_	gvSIG
vlckel	02	_	_	_	_	_
vlckel	03	_	_	_	_	_
vlckel	04	_	_	_	_	R
vlckel	05	_	_	_	_	_
vlckel	06	_	_	_	_	_
vlckel	07	_	_	_	_	_
vtcraghead	01	_	_	_	_	_
vtcraghead	02	_	_	_	_	_
vtcraghead	03	_	_	_	_	_
vtcraghead	04	_	_	_	_	_
vtcraghead	05	_	_	_	_	_
vtcraghead	06	_	_	_	_	_
vtcraghead	07	_	_	_	_	_
WestcountryRT	01	_	_	_	_	_
WestcountryRT	02	_	_	_	_	_
WestcountryRT	03	_	_	_	_	_
WestcountryRT	04	_	_	_	_	_
WestcountryRT	05	_	_	_	_	_
WestcountryRT	06	_	_	_	_	_
WestcountryRT	07	_	_	_	_	_
whiterabbit_sci	01	_	_	_	_	_
whiterabbit_sci	02	_	_	_	_	_
whiterabbit_sci	03	_	_	_	_	_
whiterabbit_sci	04	_	_	_	_	_
whiterabbit_sci	05	_	_	_	_	_
whiterabbit_sci	06	_	_	_	_	_
whiterabbit_sci	07	_	_	_	_	_
wndieps	07	_	_	_	_	_
x_y_es	01	_	_	_	_	_
x_y_es	02	_	_	_	_	_
x_y_es	03	_	_	_	_	_
x_y_es	07	_	_	_	_	_
XtianMaps	01	_	_	_	_	_
XtianMaps	02	_	_	_	_	_
XtianMaps	03	_	_	_	_	_
Yaireth_Ortiz	05	_	_	_	_	_
Yaireth_Ortiz	06	_	_	_	_	_
Yaireth_Ortiz	07	_	_	_	_	_
Yakus	01	_	_	_	_	R
Yakus	02	_	_	_	_	_
Yakus	03	_	_	_	_	_
Yakus	04	_	_	_	_	R
Yakus	05	_	_	_	_	R
Yakus	06	_	_	_	_	_
Yakus	07	_	_	_	_	R
yeyomourglia	06	_	_	_	_	R
yeyomourglia	07	_	_	_	_	R
YocsanContreras	01	Mexico	Mexico City	crime,transport	_	QGIS,R
yolsclemente	02	_	_	_	_	_
yolsclemente	03	Spain	_	_	_	_
yolsclemente	04	_	_	_	_	_
yolsclemente	05	_	_	_	_	_
yolsclemente	06	_	_	_	_	_
Zelbe04	02	_	_	_	_	_
Zelbe04	03	_	_	_	_	_
Zelbe04	05	_	_	_	_	_
Zelbe04	06	_	_	_	_	_
zentree	01	New Zealand	Christchurch	_	_	_
zentree	02	_	_	_	_	R
zentree	03	_	_	_	_	R
zentree	04	_	_	_	_	R
zentree	05	_	_	_	_	R
zentree	06	_	_	_	_	R
zentree	07	New Zealand	Christchurch	_	_	QGIS,R
zerbembasqwibo	02	_	_	_	_	_
zerbembasqwibo	06	_	_	_	_	_
